signal,horizon,n,mean_ret_bps,t_stat,p_value,sharpe,base
S12_Hurst_MeanRev_SOL,5min,42,1.988,1.039,0.3051,51.957,S12_Hurst_MeanRev
S12_Hurst_MeanRev_SOL,15min,42,1.708,0.578,0.5666,16.687,S12_Hurst_MeanRev
S12_Hurst_Momentum_HYPE,1h,121,1.559,0.331,0.741,2.819,S12_Hurst_Momentum
S12_Hurst_Momentum_ETH,1h,123,0.607,0.2,0.842,1.686,S12_Hurst_Momentum
S1_TradeImbalanceFade_SOL,1h,88,0.6,0.168,0.8666,1.68,S1_TradeImbalanceFade_SOL
S5_SmallLargeRatioFade_BTC,1h,108,0.106,0.038,0.9699,0.34,S5_SmallLargeRatioFade_BTC
S10_L2DepthImbalance_BTC,1h,142,0.003,0.001,0.999,0.01,S10_L
S7_VolumeBurst_BTC,1h,469,-0.107,-0.079,0.937,-0.342,S7_VolumeBurst_BTC
S5_SmallLargeRatioFade_ETH,1h,116,-0.542,-0.144,0.886,-1.248,S5_SmallLargeRatioFade_ETH
S9_SpreadWidenFade_HYPE,1h,139,-1.104,-0.245,0.8067,-1.947,S9_SpreadWidenFade_HYPE
S2_LargeTradeContinuation_ETH,1h,141,-0.962,-0.298,0.7658,-2.352,S2_LargeTradeContinuation_ETH
S9_SpreadWidenFade_BTC,1h,124,-1.027,-0.365,0.7156,-3.069,S9_SpreadWidenFade_BTC
S10_L2DepthImbalance_ETH,15min,477,-0.371,-0.379,0.7045,-3.252,S10_L
S1_TradeImbalanceFade_HYPE,15min,105,-0.998,-0.386,0.7006,-7.042,S1_TradeImbalanceFade_HYPE
S1_TradeImbalanceFade_ETH,1h,107,-1.371,-0.437,0.6631,-3.953,S1_TradeImbalanceFade_ETH
S10_L2DepthImbalance_HYPE,1h,141,-1.751,-0.441,0.6602,-3.472,S10_L
S10_L2DepthImbalance_SOL,1h,134,-1.52,-0.458,0.6475,-3.706,S10_L
S2_LargeTradeContinuation_BTC,1h,141,-1.09,-0.458,0.6479,-3.608,S2_LargeTradeContinuation_BTC
S12_Hurst_MeanRev_SOL,1h,29,-2.584,-0.524,0.6043,-9.109,S12_Hurst_MeanRev
S11_L2Absorption_HYPE,1h,130,-2.477,-0.59,0.5561,-4.845,S11_L
S9_SpreadWidenFade_ETH,1h,122,-2.12,-0.67,0.5042,-5.676,S9_SpreadWidenFade_ETH
S12_Hurst_Momentum_HYPE,5min,592,-0.526,-0.765,0.4445,-10.196,S12_Hurst_Momentum
S5_SmallLargeRatioFade_BTC,15min,109,-0.86,-0.816,0.4162,-14.634,S5_SmallLargeRatioFade_BTC
S12_Hurst_Momentum_SOL,1h,111,-3.324,-0.96,0.3389,-8.532,S12_Hurst_Momentum
S2_LargeTradeContinuation_SOL,1h,132,-3.095,-0.982,0.3278,-8.001,S2_LargeTradeContinuation_SOL
S12_Hurst_MeanRev_HYPE,1h,74,-5.793,-0.984,0.3282,-10.711,S12_Hurst_MeanRev
S9_SpreadWidenFade_SOL,15min,398,-1.105,-1.055,0.292,-9.9,S9_SpreadWidenFade_SOL
S12_Hurst_Momentum_ETH,15min,364,-1.083,-1.058,0.2907,-10.381,S12_Hurst_Momentum
S12_Hurst_Momentum_BTC,1h,91,-3.751,-1.187,0.2384,-11.644,S12_Hurst_Momentum
S5_SmallLargeRatioFade_BTC,5min,109,-0.908,-1.194,0.2351,-37.078,S5_SmallLargeRatioFade_BTC
S3_ArrivalRateFade_ETH,1h,481,-2.16,-1.261,0.2078,-5.383,S3_ArrivalRateFade_ETH
S5_SmallLargeRatioFade_HYPE,1h,58,-8.712,-1.335,0.1873,-16.403,S5_SmallLargeRatioFade_HYPE
S10_L2DepthImbalance_ETH,1h,134,-4.694,-1.351,0.1791,-10.92,S10_L
S10_L2DepthImbalance_SOL,15min,527,-1.103,-1.41,0.1592,-11.496,S10_L
S2_LargeTradeContinuation_HYPE,1h,141,-6.37,-1.452,0.1487,-11.447,S2_LargeTradeContinuation_HYPE
S5_SmallLargeRatioFade_SOL,1h,80,-5.954,-1.498,0.138,-15.679,S5_SmallLargeRatioFade_SOL
S9_SpreadWidenFade_SOL,1h,122,-4.979,-1.583,0.116,-13.415,S9_SpreadWidenFade_SOL
S10_L2DepthImbalance_HYPE,15min,551,-1.959,-1.707,0.0884,-13.61,S10_L
S12_Hurst_MeanRev_HYPE,15min,128,-4.427,-1.714,0.089,-28.355,S12_Hurst_MeanRev
S12_Hurst_Momentum_HYPE,15min,336,-2.649,-1.77,0.0776,-18.075,S12_Hurst_Momentum
S12_Hurst_Momentum_BTC,15min,250,-1.774,-1.775,0.0771,-21.014,S12_Hurst_Momentum
S12_Hurst_MeanRev_ETH,1h,60,-8.444,-1.805,0.0761,-21.815,S12_Hurst_MeanRev
S7_VolumeBurst_HYPE,1h,353,-4.726,-1.856,0.0643,-9.244,S7_VolumeBurst_HYPE
S1_TradeImbalanceFade_ETH,15min,261,-1.837,-1.879,0.0614,-21.77,S1_TradeImbalanceFade_ETH
S11_L2Absorption_ETH,1h,123,-6.653,-1.926,0.0564,-16.253,S11_L
S11_L2Absorption_BTC,1h,139,-4.987,-1.944,0.0539,-15.433,S11_L
S5_SmallLargeRatioFade_HYPE,5min,58,-4.127,-1.963,0.0545,-83.585,S5_SmallLargeRatioFade_HYPE
S7_VolumeBurst_ETH,1h,615,-3.039,-2.019,0.0439,-7.621,S7_VolumeBurst_ETH
S7_VolumeBurst_SOL,1h,577,-3.02,-2.108,0.0354,-8.214,S7_VolumeBurst_SOL
S1_TradeImbalanceFade_HYPE,1h,61,-13.023,-2.114,0.0387,-25.33,S1_TradeImbalanceFade_HYPE
S3_ArrivalRateFade_ETH,15min,479,-2.331,-2.115,0.035,-18.087,S3_ArrivalRateFade_ETH
S5_SmallLargeRatioFade_HYPE,15min,58,-7.219,-2.149,0.0359,-52.811,S5_SmallLargeRatioFade_HYPE
S11_L2Absorption_HYPE,15min,416,-2.857,-2.157,0.0316,-19.795,S11_L
S2_LargeTradeContinuation_SOL,15min,498,-1.803,-2.174,0.0302,-18.239,S2_LargeTradeContinuation_SOL
S3_ArrivalRateFade_HYPE,15min,457,-3.002,-2.177,0.03,-19.067,S3_ArrivalRateFade_HYPE
S9_SpreadWidenFade_HYPE,15min,508,-2.671,-2.229,0.0263,-18.51,S9_SpreadWidenFade_HYPE
S5_SmallLargeRatioFade_ETH,15min,116,-3.706,-2.234,0.0274,-38.823,S5_SmallLargeRatioFade_ETH
S1_TradeImbalanceFade_BTC,1h,95,-6.864,-2.398,0.0185,-23.025,S1_TradeImbalanceFade_BTC
S11_L2Absorption_SOL,1h,130,-7.787,-2.405,0.0176,-19.741,S11_L
S5_SmallLargeRatioFade_SOL,15min,81,-4.681,-2.409,0.0183,-50.101,S5_SmallLargeRatioFade_SOL
S12_Hurst_MeanRev_BTC,1h,98,-7.124,-2.441,0.0165,-23.077,S12_Hurst_MeanRev
S1_TradeImbalanceFade_SOL,15min,202,-2.86,-2.473,0.0142,-32.575,S1_TradeImbalanceFade_SOL
S7_VolumeBurst_HYPE,5min,353,-2.509,-2.502,0.0128,-43.181,S7_VolumeBurst_HYPE
S12_Hurst_Momentum_BTC,5min,441,-1.156,-2.579,0.0102,-39.825,S12_Hurst_Momentum
S5_SmallLargeRatioFade_SOL,5min,81,-3.382,-2.666,0.0093,-96.024,S5_SmallLargeRatioFade_SOL
S12_Hurst_Momentum_ETH,5min,660,-1.246,-2.694,0.0072,-33.996,S12_Hurst_Momentum
S12_Hurst_MeanRev_ETH,15min,90,-6.158,-2.77,0.0068,-54.662,S12_Hurst_MeanRev
S8_CrossCoin_BTClag1m_ETH,1h,3618,-1.679,-2.781,0.0054,-4.328,S8_CrossCoin_BTClag
S3_ArrivalRateFade_BTC,1h,418,-3.796,-2.826,0.0049,-12.939,S3_ArrivalRateFade_BTC
S12_Hurst_Momentum_SOL,15min,304,-3.452,-2.858,0.0046,-30.686,S12_Hurst_Momentum
S10_L2DepthImbalance_ETH,5min,1144,-1.126,-2.897,0.0038,-27.766,S10_L
S5_SmallLargeRatioFade_ETH,5min,116,-2.499,-2.91,0.0043,-87.599,S5_SmallLargeRatioFade_ETH
S8_CrossCoin_BTClag5m_ETH,1h,3616,-1.818,-3.015,0.0026,-4.693,S8_CrossCoin_BTClag
S7_VolumeBurst_BTC,15min,471,-2.323,-3.145,0.0018,-27.127,S7_VolumeBurst_BTC
S9_SpreadWidenFade_ETH,15min,375,-3.378,-3.184,0.0016,-30.776,S9_SpreadWidenFade_ETH
S6_AggressiveFlow_BTC,1h,2203,-1.969,-3.265,0.0011,-6.51,S6_AggressiveFlow_BTC
S8_CrossCoin_BTClag3m_ETH,1h,3616,-1.988,-3.291,0.001,-5.123,S8_CrossCoin_BTClag
S7_VolumeBurst_HYPE,15min,353,-5.15,-3.347,0.0009,-33.344,S7_VolumeBurst_HYPE
S10_L2DepthImbalance_BTC,15min,561,-2.155,-3.379,0.0008,-26.702,S10_L
S9_SpreadWidenFade_BTC,15min,379,-2.943,-3.471,0.0006,-33.371,S9_SpreadWidenFade_BTC
S12_Hurst_MeanRev_ETH,5min,108,-5.802,-3.502,0.0007,-109.263,S12_Hurst_MeanRev
S2_LargeTradeContinuation_ETH,15min,540,-2.889,-3.534,0.0004,-28.472,S2_LargeTradeContinuation_ETH
S1_TradeImbalanceFade_HYPE,5min,125,-4.284,-3.589,0.0005,-104.064,S1_TradeImbalanceFade_HYPE
S3_ArrivalRateFade_ETH,5min,480,-2.294,-3.639,0.0003,-53.847,S3_ArrivalRateFade_ETH
S3_ArrivalRateFade_HYPE,5min,456,-3.229,-3.677,0.0003,-55.821,S3_ArrivalRateFade_HYPE
S6_AggressiveFlow_HYPE,1h,1263,-5.285,-3.786,0.0002,-9.972,S6_AggressiveFlow_HYPE
S2_LargeTradeContinuation_BTC,15min,554,-2.556,-3.867,0.0001,-30.753,S2_LargeTradeContinuation_BTC
S1_TradeImbalanceFade_BTC,15min,205,-4.018,-3.876,0.0001,-50.678,S1_TradeImbalanceFade_BTC
S3_ArrivalRateFade_SOL,1h,459,-6.393,-3.996,0.0001,-17.459,S3_ArrivalRateFade_SOL
S3_ArrivalRateFade_BTC,15min,418,-3.495,-4.0,0.0001,-36.622,S3_ArrivalRateFade_BTC
S3_ArrivalRateFade_HYPE,1h,459,-9.563,-4.015,0.0001,-17.541,S3_ArrivalRateFade_HYPE
S3_ArrivalRateFade_SOL,15min,463,-4.07,-4.13,0.0,-35.933,S3_ArrivalRateFade_SOL
S3_ArrivalRateFade_BTC,5min,420,-2.413,-4.256,0.0,-67.337,S3_ArrivalRateFade_BTC
S11_L2Absorption_ETH,15min,350,-4.855,-4.32,0.0,-43.23,S11_L
S12_Hurst_Momentum_SOL,5min,459,-2.832,-4.323,0.0,-65.428,S12_Hurst_Momentum
S12_Hurst_MeanRev_HYPE,5min,155,-6.602,-4.335,0.0,-112.887,S12_Hurst_MeanRev
S12_Hurst_MeanRev_BTC,15min,237,-4.177,-4.364,0.0,-53.062,S12_Hurst_MeanRev
S7_VolumeBurst_SOL,15min,580,-3.497,-4.382,0.0,-34.062,S7_VolumeBurst_SOL
S2_LargeTradeContinuation_HYPE,15min,548,-5.145,-4.44,0.0,-35.505,S2_LargeTradeContinuation_HYPE
S1_TradeImbalanceFade_SOL,5min,302,-2.055,-4.473,0.0,-83.454,S1_TradeImbalanceFade_SOL
S6_AggressiveFlow_ETH,1h,2703,-3.127,-4.672,0.0,-8.41,S6_AggressiveFlow_ETH
S7_VolumeBurst_ETH,15min,616,-3.792,-4.731,0.0,-35.684,S7_VolumeBurst_ETH
S1_TradeImbalanceFade_ETH,5min,408,-2.448,-4.75,0.0,-76.245,S1_TradeImbalanceFade_ETH
S3_ArrivalRateFade_SOL,5min,463,-3.111,-4.824,0.0,-72.688,S3_ArrivalRateFade_SOL
S11_L2Absorption_SOL,15min,482,-4.348,-4.949,0.0,-42.196,S11_L
S7_VolumeBurst_BTC,5min,472,-2.554,-5.191,0.0,-77.467,S7_VolumeBurst_BTC
S7_VolumeBurst_SOL,5min,583,-2.775,-5.334,0.0,-71.627,S7_VolumeBurst_SOL
S7_VolumeBurst_ETH,5min,616,-3.057,-5.922,0.0,-77.361,S7_VolumeBurst_ETH
S6_AggressiveFlow_HYPE,5min,1263,-2.853,-6.067,0.0,-55.351,S6_AggressiveFlow_HYPE
S1_TradeImbalanceFade_BTC,5min,284,-2.887,-6.081,0.0,-116.993,S1_TradeImbalanceFade_BTC
S11_L2Absorption_HYPE,5min,830,-3.512,-6.278,0.0,-70.648,S11_L
S10_L2DepthImbalance_HYPE,5min,1565,-2.64,-6.375,0.0,-52.251,S10_L
S10_L2DepthImbalance_SOL,5min,1528,-1.97,-6.59,0.0,-54.663,S10_L
S6_AggressiveFlow_HYPE,15min,1262,-5.162,-6.706,0.0,-35.338,S6_AggressiveFlow_HYPE
S2_LargeTradeContinuation_HYPE,5min,1537,-2.939,-7.118,0.0,-58.863,S2_LargeTradeContinuation_HYPE
S11_L2Absorption_BTC,15min,514,-5.152,-7.267,0.0,-60.003,S11_L
S6_AggressiveFlow_SOL,1h,2102,-5.839,-7.831,0.0,-15.987,S6_AggressiveFlow_SOL
S11_L2Absorption_ETH,5min,681,-4.219,-8.119,0.0,-100.872,S11_L
S9_SpreadWidenFade_HYPE,5min,1258,-3.872,-8.222,0.0,-75.16,S9_SpreadWidenFade_HYPE
S2_LargeTradeContinuation_ETH,5min,1478,-2.572,-8.517,0.0,-71.828,S2_LargeTradeContinuation_ETH
S8_CrossCoin_BTClag1m_ETH,15min,3623,-2.807,-9.07,0.0,-28.206,S8_CrossCoin_BTClag
S6_AggressiveFlow_BTC,15min,2197,-2.908,-9.102,0.0,-36.348,S6_AggressiveFlow_BTC
S2_LargeTradeContinuation_SOL,5min,1332,-3.086,-9.126,0.0,-81.076,S2_LargeTradeContinuation_SOL
S10_L2DepthImbalance_BTC,5min,1628,-2.047,-9.194,0.0,-73.88,S10_L
S8_CrossCoin_BTClag5m_ETH,15min,3620,-2.836,-9.352,0.0,-29.096,S8_CrossCoin_BTClag
S12_Hurst_MeanRev_BTC,5min,364,-5.194,-9.657,0.0,-164.103,S12_Hurst_MeanRev
S8_CrossCoin_BTClag3m_ETH,15min,3617,-3.005,-9.838,0.0,-30.62,S8_CrossCoin_BTClag
S9_SpreadWidenFade_ETH,5min,746,-5.083,-10.223,0.0,-121.347,S9_SpreadWidenFade_ETH
S6_AggressiveFlow_SOL,15min,2131,-3.608,-10.302,0.0,-41.776,S6_AggressiveFlow_SOL
S6_AggressiveFlow_ETH,15min,2705,-3.41,-10.394,0.0,-37.41,S6_AggressiveFlow_ETH
S9_SpreadWidenFade_SOL,5min,872,-4.588,-10.445,0.0,-114.679,S9_SpreadWidenFade_SOL
S9_SpreadWidenFade_BTC,5min,732,-4.444,-10.874,0.0,-130.313,S9_SpreadWidenFade_BTC
S11_L2Absorption_SOL,5min,1196,-3.811,-10.967,0.0,-102.816,S11_L
S2_LargeTradeContinuation_BTC,5min,1589,-2.768,-11.619,0.0,-94.504,S2_LargeTradeContinuation_BTC
S11_L2Absorption_BTC,5min,1292,-3.863,-14.856,0.0,-134.0,S11_L
S6_AggressiveFlow_BTC,5min,2204,-2.926,-15.056,0.0,-103.979,S6_AggressiveFlow_BTC
S6_AggressiveFlow_ETH,5min,2713,-3.047,-15.389,0.0,-95.793,S6_AggressiveFlow_ETH
S8_CrossCoin_BTClag5m_ETH,5min,3625,-2.897,-15.664,0.0,-84.351,S8_CrossCoin_BTClag
S8_CrossCoin_BTClag1m_ETH,5min,3630,-2.919,-15.855,0.0,-85.323,S8_CrossCoin_BTClag
S6_AggressiveFlow_SOL,5min,2150,-3.33,-16.179,0.0,-113.126,S6_AggressiveFlow_SOL
S8_CrossCoin_BTClag3m_ETH,5min,3627,-3.205,-17.646,0.0,-94.996,S8_CrossCoin_BTClag
